water_temp_c,water_absolute_viscosity_poises,water_density_kgm3,water_density_Mg_m3
0,17530577.45,1000.34038,1.00034038
0.1,17474290.64,1000.339554,1.000339554
0.2,17418268.56,1000.338628,1.000338628
0.3,17362509.64,1000.337604,1.000337604
0.4,17307012.32,1000.33648,1.00033648
0.5,17251775.05,1000.335258,1.000335258
0.6,17196796.27,1000.333936,1.000333936
0.7,17142074.45,1000.332516,1.000332516
0.8,17087608.09,1000.330996,1.000330996
0.9,17033395.66,1000.329378,1.000329378
1,16979435.66,1000.32766,1.00032766
1.1,16925726.61,1000.325844,1.000325844
1.2,16872267.02,1000.323928,1.000323928
1.3,16819055.43,1000.321913,1.000321913
1.4,16766090.39,1000.3198,1.0003198
1.5,16713370.43,1000.317587,1.000317587
1.6,16660894.13,1000.315276,1.000315276
1.7,16608660.06,1000.312865,1.000312866
1.8,16556666.79,1000.310356,1.000310356
1.9,16504912.93,1000.307748,1.000307748
2,16453397.07,1000.30504,1.00030504
2.1,16402117.83,1000.302233,1.000302233
2.2,16351073.83,1000.299328,1.000299328
2.3,16300263.69,1000.296323,1.000296323
2.4,16249686.07,1000.29322,1.00029322
2.5,16199339.6,1000.290017,1.000290017
2.6,16149222.95,1000.286716,1.000286716
2.7,16099334.8,1000.283316,1.000283316
2.8,16049673.81,1000.279816,1.000279816
2.9,16000238.67,1000.276217,1.000276217
3,15951028.08,1000.27252,1.00027252
3.1,15902040.75,1000.268724,1.000268724
3.2,15853275.39,1000.264828,1.000264828
3.3,15804730.72,1000.260834,1.000260834
3.4,15756405.48,1000.25674,1.00025674
3.5,15708298.41,1000.252547,1.000252548
3.6,15660408.24,1000.248256,1.000248256
3.7,15612733.76,1000.243865,1.000243865
3.8,15565273.71,1000.239376,1.000239376
3.9,15518026.87,1000.234787,1.000234788
4,15470992.04,1000.2301,1.0002301
4.1,15424167.99,1000.225313,1.000225313
4.2,15377553.53,1000.220428,1.000220428
4.3,15331147.47,1000.215443,1.000215444
4.4,15284948.62,1000.21036,1.00021036
4.5,15238955.81,1000.205177,1.000205177
4.6,15193167.87,1000.199896,1.000199896
4.7,15147583.64,1000.194515,1.000194515
4.8,15102201.97,1000.189036,1.000189036
4.9,15057021.71,1000.183457,1.000183458
5,15012041.73,1000.17778,1.00017778
5.1,14967260.9,1000.172004,1.000172004
5.2,14922678.09,1000.166128,1.000166128
5.3,14878292.2,1000.160153,1.000160153
5.4,14834102.12,1000.15408,1.00015408
5.5,14790106.74,1000.147908,1.000147908
5.6,14746304.98,1000.141636,1.000141636
5.7,14702695.76,1000.135265,1.000135265
5.8,14659277.99,1000.128796,1.000128796
5.9,14616050.61,1000.122227,1.000122228
6,14573012.56,1000.11556,1.00011556
6.1,14530162.77,1000.108793,1.000108794
6.2,14487500.21,1000.101928,1.000101928
6.3,14445023.83,1000.094964,1.000094964
6.4,14402732.59,1000.0879,1.0000879
6.5,14360625.48,1000.080738,1.000080738
6.6,14318701.46,1000.073476,1.000073476
6.7,14276959.53,1000.066115,1.000066116
6.8,14235398.68,1000.058656,1.000058656
6.9,14194017.9,1000.051097,1.000051097
7,14152816.21,1000.04344,1.00004344
7.1,14111792.62,1000.035683,1.000035684
7.2,14070946.14,1000.027828,1.000027828
7.3,14030275.81,1000.019873,1.000019873
7.4,13989780.65,1000.01182,1.00001182
7.5,13949459.7,1000.003667,1.000003668
7.6,13909312.02,999.995416,0.999995416
7.7,13869336.64,999.9870655,0.999987065
7.8,13829532.63,999.978616,0.999978616
7.9,13789899.06,999.9700675,0.999970067
8,13750434.98,999.96142,0.99996142
8.1,13711139.48,999.9526735,0.999952673
8.2,13672011.65,999.943828,0.999943828
8.3,13633050.55,999.9348835,0.999934883
8.4,13594255.31,999.92584,0.99992584
8.5,13555625,999.9166975,0.999916697
8.6,13517158.74,999.907456,0.999907456
8.7,13478855.64,999.8981155,0.999898115
8.8,13440714.81,999.888676,0.999888676
8.9,13402735.38,999.8791375,0.999879137
9,13364916.48,999.8695,0.9998695
9.1,13327257.25,999.8597635,0.999859764
9.2,13289756.81,999.849928,0.999849928
9.3,13252414.33,999.8399935,0.999839994
9.4,13215228.94,999.82996,0.99982996
9.5,13178199.81,999.8198275,0.999819828
9.6,13141326.09,999.809596,0.999809596
9.7,13104606.97,999.7992655,0.999799266
9.8,13068041.6,999.788836,0.999788836
9.9,13031629.16,999.7783075,0.999778308
10,12995368.84,999.76768,0.99976768
10.1,12959259.84,999.7569535,0.999756953
10.2,12923301.33,999.746128,0.999746128
10.3,12887492.53,999.7352035,0.999735203
10.4,12851832.63,999.72418,0.99972418
10.5,12816320.84,999.7130575,0.999713058
10.6,12780956.38,999.701836,0.999701836
10.7,12745738.47,999.6905155,0.999690515
10.8,12710666.33,999.679096,0.999679096
10.9,12675739.19,999.6675775,0.999667577
11,12640956.29,999.65596,0.99965596
11.1,12606316.86,999.6442435,0.999644243
11.2,12571820.15,999.632428,0.999632428
11.3,12537465.4,999.6205135,0.999620513
11.4,12503251.88,999.6085,0.9996085
11.5,12469178.83,999.5963875,0.999596387
11.6,12435245.52,999.584176,0.999584176
11.7,12401451.21,999.5718655,0.999571865
11.8,12367795.19,999.559456,0.999559456
11.9,12334276.72,999.5469475,0.999546947
12,12300895.09,999.53434,0.99953434
12.1,12267649.58,999.5216335,0.999521634
12.2,12234539.49,999.508828,0.999508828
12.3,12201564.1,999.4959235,0.999495924
12.4,12168722.71,999.48292,0.99948292
12.5,12136014.64,999.4698175,0.999469818
12.6,12103439.18,999.456616,0.999456616
12.7,12070995.66,999.4433155,0.999443316
12.8,12038683.37,999.429916,0.999429916
12.9,12006501.66,999.4164175,0.999416418
13,11974449.83,999.40282,0.99940282
13.1,11942527.23,999.3891235,0.999389124
13.2,11910733.18,999.375328,0.999375328
13.3,11879067.01,999.3614335,0.999361434
13.4,11847528.08,999.34744,0.99934744
13.5,11816115.73,999.3333475,0.999333347
13.6,11784829.3,999.319156,0.999319156
13.7,11753668.16,999.3048655,0.999304865
13.8,11722631.65,999.290476,0.999290476
13.9,11691719.14,999.2759875,0.999275987
14,11660930,999.2614,0.9992614
14.1,11630263.59,999.2467135,0.999246713
14.2,11599719.29,999.231928,0.999231928
14.3,11569296.47,999.2170435,0.999217043
14.4,11538994.52,999.20206,0.99920206
14.5,11508812.82,999.1869775,0.999186977
14.6,11478750.76,999.171796,0.999171796
14.7,11448807.73,999.1565155,0.999156515
14.8,11418983.13,999.141136,0.999141136
14.9,11389276.35,999.1256575,0.999125657
15,11359686.81,999.11008,0.99911008
15.1,11330213.9,999.0944035,0.999094404
15.2,11300857.04,999.078628,0.999078628
15.3,11271615.64,999.0627535,0.999062754
15.4,11242489.12,999.04678,0.99904678
15.5,11213476.91,999.0307075,0.999030708
15.6,11184578.42,999.014536,0.999014536
15.7,11155793.08,998.9982655,0.998998266
15.8,11127120.33,998.981896,0.998981896
15.9,11098559.59,998.9654275,0.998965428
16,11070110.32,998.94886,0.99894886
16.1,11041771.95,998.9321935,0.998932194
16.2,11013543.93,998.915428,0.998915428
16.3,10985425.7,998.8985635,0.998898564
16.4,10957416.72,998.8816,0.9988816
16.5,10929516.44,998.8645375,0.998864538
16.6,10901724.32,998.847376,0.998847376
16.7,10874039.83,998.8301155,0.998830115
16.8,10846462.42,998.812756,0.998812756
16.9,10818991.57,998.7952975,0.998795297
17,10791626.75,998.77774,0.99877774
17.1,10764367.43,998.7600835,0.998760083
17.2,10737213.1,998.742328,0.998742328
17.3,10710163.22,998.7244735,0.998724473
17.4,10683217.28,998.70652,0.99870652
17.5,10656374.78,998.6884675,0.998688467
17.6,10629635.2,998.670316,0.998670316
17.7,10602998.04,998.6520655,0.998652065
17.8,10576462.79,998.633716,0.998633716
17.9,10550028.94,998.6152675,0.998615267
18,10523696.01,998.59672,0.99859672
18.1,10497463.5,998.5780735,0.998578073
18.2,10471330.91,998.559328,0.998559328
18.3,10445297.76,998.5404835,0.998540484
18.4,10419363.56,998.52154,0.99852154
18.5,10393527.82,998.5024975,0.998502498
18.6,10367790.07,998.483356,0.998483356
18.7,10342149.83,998.4641155,0.998464116
18.8,10316606.62,998.444776,0.998444776
18.9,10291159.97,998.4253375,0.998425338
19,10265809.42,998.4058,0.9984058
19.1,10240554.49,998.3861635,0.998386164
19.2,10215394.72,998.366428,0.998366428
19.3,10190329.65,998.3465935,0.998346594
19.4,10165358.82,998.32666,0.99832666
19.5,10140481.78,998.3066275,0.998306627
19.6,10115698.07,998.286496,0.998286496
19.7,10091007.24,998.2662655,0.998266266
19.8,10066408.85,998.245936,0.998245936
19.9,10041902.45,998.2255075,0.998225507
20,10017487.59,998.20498,0.99820498
20.1,9993163.844,998.1843535,0.998184353
20.2,9968930.764,998.163628,0.998163628
20.3,9944787.917,998.1428035,0.998142803
20.4,9920734.872,998.12188,0.99812188
20.5,9896771.198,998.1008575,0.998100857
20.6,9872896.468,998.079736,0.998079736
20.7,9849110.258,998.0585155,0.998058515
20.8,9825412.143,998.037196,0.998037196
20.9,9801801.705,998.0157775,0.998015777
21,9778278.526,997.99426,0.99799426
21.1,9754842.19,997.9726435,0.997972643
21.2,9731492.284,997.950928,0.997950928
21.3,9708228.398,997.9291135,0.997929114
21.4,9685050.123,997.9072,0.9979072
21.5,9661957.055,997.8851875,0.997885188
21.6,9638948.788,997.863076,0.997863076
21.7,9616024.923,997.8408655,0.997840866
21.8,9593185.059,997.818556,0.997818556
21.9,9570428.801,997.7961475,0.997796148
22,9547755.754,997.77364,0.99777364
22.1,9525165.526,997.7510335,0.997751033
22.2,9502657.726,997.728328,0.997728328
22.3,9480231.968,997.7055235,0.997705523
22.4,9457887.866,997.68262,0.99768262
22.5,9435625.036,997.6596175,0.997659617
22.6,9413443.097,997.636516,0.997636516
22.7,9391341.671,997.6133155,0.997613315
22.8,9369320.38,997.590016,0.997590016
22.9,9347378.851,997.5666175,0.997566617
23,9325516.709,997.54312,0.99754312
23.1,9303733.585,997.5195235,0.997519523
23.2,9282029.111,997.495828,0.997495828
23.3,9260402.919,997.4720335,0.997472033
23.4,9238854.647,997.44814,0.99744814
23.5,9217383.931,997.4241475,0.997424147
23.6,9195990.412,997.400056,0.997400056
23.7,9174673.731,997.3758655,0.997375865
23.8,9153433.532,997.351576,0.997351576
23.9,9132269.462,997.3271875,0.997327187
24,9111181.167,997.3027,0.9973027
24.1,9090168.298,997.2781135,0.997278113
24.2,9069230.507,997.253428,0.997253428
24.3,9048367.447,997.2286435,0.997228644
24.4,9027578.773,997.20376,0.99720376
24.5,9006864.145,997.1787775,0.997178778
24.6,8986223.22,997.153696,0.997153696
24.7,8965655.661,997.1285155,0.997128516
24.8,8945161.13,997.103236,0.997103236
24.9,8924739.293,997.0778575,0.997077858
25,8904389.816,997.05238,0.99705238
25.1,8884112.369,997.0268035,0.997026804
25.2,8863906.622,997.001128,0.997001128
25.3,8843772.248,996.9753535,0.996975354
25.4,8823708.921,996.94948,0.99694948
25.5,8803716.317,996.9235075,0.996923507
25.6,8783794.114,996.897436,0.996897436
25.7,8763941.991,996.8712655,0.996871265
25.8,8744159.63,996.844996,0.996844996
25.9,8724446.715,996.8186275,0.996818627
26,8704802.929,996.79216,0.99679216
26.1,8685227.96,996.7655935,0.996765593
26.2,8665721.496,996.738928,0.996738928
26.3,8646283.227,996.7121635,0.996712163
26.4,8626912.845,996.6853,0.9966853
26.5,8607610.044,996.6583375,0.996658337
26.6,8588374.518,996.631276,0.996631276
26.7,8569205.964,996.6041155,0.996604115
26.8,8550104.08,996.576856,0.996576856
26.9,8531068.568,996.5494975,0.996549497
27,8512099.128,996.52204,0.99652204
27.1,8493195.464,996.4944835,0.996494483
27.2,8474357.28,996.466828,0.996466828
27.3,8455584.284,996.4390735,0.996439074
27.4,8436876.183,996.41122,0.99641122
27.5,8418232.688,996.3832675,0.996383268
27.6,8399653.509,996.355216,0.996355216
27.7,8381138.36,996.3270655,0.996327065
27.8,8362686.954,996.298816,0.996298816
27.9,8344299.008,996.2704675,0.996270467
28,8325974.239,996.24202,0.99624202
28.1,8307712.367,996.2134735,0.996213474
28.2,8289513.112,996.184828,0.996184828
28.3,8271376.195,996.1560835,0.996156084
28.4,8253301.341,996.12724,0.99612724
28.5,8235288.274,996.0982975,0.996098297
28.6,8217336.721,996.069256,0.996069256
28.7,8199446.41,996.0401155,0.996040115
28.8,8181617.07,996.010876,0.996010876
28.9,8163848.433,995.9815375,0.995981537
29,8146140.229,995.9521,0.9959521
29.1,8128492.195,995.9225635,0.995922563
29.2,8110904.063,995.892928,0.995892928
29.3,8093375.571,995.8631935,0.995863193
29.4,8075906.458,995.83336,0.99583336
29.5,8058496.461,995.8034275,0.995803427
29.6,8041145.323,995.773396,0.995773396
29.7,8023852.784,995.7432655,0.995743265
29.8,8006618.59,995.713036,0.995713036
29.9,7989442.484,995.6827075,0.995682707
30,7972324.212,995.65228,0.99565228
30.1,7955263.523,995.6217535,0.995621753
30.2,7938260.165,995.591128,0.995591128
30.3,7921313.889,995.5604035,0.995560404
30.4,7904424.446,995.52958,0.99552958
30.5,7887591.588,995.4986575,0.995498658
30.6,7870815.071,995.467636,0.995467636
30.7,7854094.648,995.4365155,0.995436516
30.8,7837430.078,995.405296,0.995405296
30.9,7820821.119,995.3739775,0.995373978
31,7804267.528,995.34256,0.99534256
31.1,7787769.068,995.3110435,0.995311044
31.2,7771325.5,995.279428,0.995279428
31.3,7754936.587,995.2477135,0.995247714
31.4,7738602.092,995.2159,0.9952159
31.5,7722321.783,995.1839875,0.995183987
31.6,7706095.425,995.151976,0.995151976
31.7,7689922.787,995.1198655,0.995119865
31.8,7673803.637,995.087656,0.995087656
31.9,7657737.746,995.0553475,0.995055347
32,7641724.886,995.02294,0.99502294
32.1,7625764.83,994.9904335,0.994990433
32.2,7609857.35,994.957828,0.994957828
32.3,7594002.224,994.9251235,0.994925123
32.4,7578199.226,994.89232,0.99489232
32.5,7562448.134,994.8594175,0.994859417
32.6,7546748.727,994.826416,0.994826416
32.7,7531100.785,994.7933155,0.994793315
32.8,7515504.089,994.760116,0.994760116
32.9,7499958.42,994.7268175,0.994726817
33,7484463.561,994.69342,0.99469342
33.1,7469019.298,994.6599235,0.994659923
33.2,7453625.415,994.626328,0.994626328
33.3,7438281.699,994.5926335,0.994592634
33.4,7422987.937,994.55884,0.99455884
33.5,7407743.919,994.5249475,0.994524948
33.6,7392549.433,994.490956,0.994490956
33.7,7377404.271,994.4568655,0.994456866
33.8,7362308.225,994.422676,0.994422676
33.9,7347261.087,994.3883875,0.994388388
34,7332262.652,994.354,0.994354
34.1,7317312.714,994.3195135,0.994319513
34.2,7302411.071,994.284928,0.994284928
34.3,7287557.518,994.2502435,0.994250243
34.4,7272751.855,994.21546,0.99421546
34.5,7257993.881,994.1805775,0.994180577
34.6,7243283.395,994.145596,0.994145596
34.7,7228620.199,994.1105155,0.994110516
34.8,7214004.096,994.075336,0.994075336
34.9,7199434.888,994.0400575,0.994040057
35,7184912.38,994.00468,0.99400468
35.1,7170436.378,993.9692035,0.993969203
35.2,7156006.686,993.933628,0.993933628
35.3,7141623.114,993.8979535,0.993897953
35.4,7127285.469,993.86218,0.99386218
35.5,7112993.56,993.8263075,0.993826307
35.6,7098747.197,993.790336,0.993790336
35.7,7084546.192,993.7542655,0.993754265
35.8,7070390.356,993.718096,0.993718096
35.9,7056279.503,993.6818275,0.993681827
36,7042213.446,993.64546,0.99364546
36.1,7028192.001,993.6089935,0.993608993
36.2,7014214.982,993.572428,0.993572428
36.3,7000282.208,993.5357635,0.993535764
36.4,6986393.496,993.499,0.993499
36.5,6972548.663,993.4621375,0.993462138
36.6,6958747.531,993.425176,0.993425176
36.7,6944989.918,993.3881155,0.993388116
36.8,6931275.647,993.350956,0.993350956
36.9,6917604.539,993.3136975,0.993313698
37,6903976.418,993.27634,0.99327634
37.1,6890391.107,993.2388835,0.993238884
37.2,6876848.432,993.201328,0.993201328
37.3,6863348.217,993.1636735,0.993163673
37.4,6849890.291,993.12592,0.99312592
37.5,6836474.479,993.0880675,0.993088067
37.6,6823100.611,993.050116,0.993050116
37.7,6809768.515,993.0120655,0.993012065
37.8,6796478.022,992.973916,0.992973916
37.9,6783228.962,992.9356675,0.992935668
38,6770021.166,992.89732,0.99289732
38.1,6756854.468,992.8588735,0.992858873
38.2,6743728.701,992.820328,0.992820328
38.3,6730643.699,992.7816835,0.992781683
38.4,6717599.296,992.74294,0.99274294
38.5,6704595.329,992.7040975,0.992704097
38.6,6691631.634,992.665156,0.992665156
38.7,6678708.049,992.6261155,0.992626115
38.8,6665824.411,992.586976,0.992586976
38.9,6652980.56,992.5477375,0.992547737
39,6640176.335,992.5084,0.9925084
39.1,6627411.577,992.4689635,0.992468963
39.2,6614686.128,992.429428,0.992429428
39.3,6601999.829,992.3897935,0.992389794
39.4,6589352.523,992.35006,0.99235006
39.5,6576744.054,992.3102275,0.992310228
39.6,6564174.266,992.270296,0.992270296
39.7,6551643.005,992.2302655,0.992230266
39.8,6539150.117,992.190136,0.992190136
39.9,6526695.447,992.1499075,0.992149907
40,6514278.844,992.10958,0.99210958
40.1,6501900.155,992.0691535,0.992069153
40.2,6489559.23,992.028628,0.992028628
40.3,6477255.918,991.9880035,0.991988003
40.4,6464990.07,991.94728,0.99194728
40.5,6452761.536,991.9064575,0.991906458
40.6,6440570.168,991.865536,0.991865536
40.7,6428415.82,991.8245155,0.991824516
40.8,6416298.343,991.783396,0.991783396
40.9,6404217.593,991.7421775,0.991742177
41,6392173.424,991.70086,0.99170086
41.1,6380165.69,991.6594435,0.991659443
41.2,6368194.249,991.617928,0.991617928
41.3,6356258.956,991.5763135,0.991576313
41.4,6344359.67,991.5346,0.9915346
41.5,6332496.248,991.4927875,0.991492787
41.6,6320668.549,991.450876,0.991450876
41.7,6308876.432,991.4088655,0.991408865
41.8,6297119.759,991.366756,0.991366756
41.9,6285398.389,991.3245475,0.991324547
42,6273712.184,991.28224,0.99128224
42.1,6262061.006,991.2398335,0.991239833
42.2,6250444.719,991.197328,0.991197328
42.3,6238863.184,991.1547235,0.991154724
42.4,6227316.267,991.11202,0.99111202
42.5,6215803.833,991.0692175,0.991069218
42.6,6204325.746,991.026316,0.991026316
42.7,6192881.873,990.9833155,0.990983316
42.8,6181472.08,990.940216,0.990940216
42.9,6170096.234,990.8970175,0.990897018
43,6158754.205,990.85372,0.99085372
43.1,6147445.859,990.8103235,0.990810324
43.2,6136171.067,990.766828,0.990766828
43.3,6124929.698,990.7232335,0.990723233
43.4,6113721.622,990.67954,0.99067954
43.5,6102546.711,990.6357475,0.990635747
43.6,6091404.836,990.591856,0.990591856
43.7,6080295.87,990.5478655,0.990547866
43.8,6069219.685,990.503776,0.990503776
43.9,6058176.154,990.4595875,0.990459588
44,6047165.153,990.4153,0.9904153
44.1,6036186.555,990.3709135,0.990370913
44.2,6025240.235,990.326428,0.990326428
44.3,6014326.07,990.2818435,0.990281843
44.4,6003443.935,990.23716,0.99023716
44.5,5992593.709,990.1923775,0.990192377
44.6,5981775.268,990.147496,0.990147496
44.7,5970988.49,990.1025155,0.990102516
44.8,5960233.254,990.057436,0.990057436
44.9,5949509.44,990.0122575,0.990012258
45,5938816.927,989.96698,0.98996698
45.1,5928155.595,989.9216035,0.989921603
45.2,5917525.326,989.876128,0.989876128
45.3,5906926.001,989.8305535,0.989830553
45.4,5896357.502,989.78488,0.98978488
45.5,5885819.712,989.7391075,0.989739107
45.6,5875312.513,989.693236,0.989693236
45.7,5864835.79,989.6472655,0.989647265
45.8,5854389.426,989.601196,0.989601196
45.9,5843973.307,989.5550275,0.989555027
46,5833587.318,989.50876,0.98950876
46.1,5823231.344,989.4623935,0.989462394
46.2,5812905.272,989.415928,0.989415928
46.3,5802608.989,989.3693635,0.989369363
46.4,5792342.382,989.3227,0.9893227
46.5,5782105.339,989.2759375,0.989275938
46.6,5771897.748,989.229076,0.989229076
46.7,5761719.499,989.1821155,0.989182115
46.8,5751570.481,989.135056,0.989135056
46.9,5741450.583,989.0878975,0.989087897
47,5731359.697,989.04064,0.98904064
47.1,5721297.714,988.9932835,0.988993283
47.2,5711264.524,988.945828,0.988945828
47.3,5701260.019,988.8982735,0.988898273
47.4,5691284.093,988.85062,0.98885062
47.5,5681336.638,988.8028675,0.988802867
47.6,5671417.548,988.755016,0.988755016
47.7,5661526.716,988.7070655,0.988707066
47.8,5651664.037,988.659016,0.988659016
47.9,5641829.406,988.6108675,0.988610867
48,5632022.718,988.56262,0.98856262
48.1,5622243.869,988.5142735,0.988514274
48.2,5612492.756,988.465828,0.988465828
48.3,5602769.275,988.4172835,0.988417283
48.4,5593073.323,988.36864,0.98836864
48.5,5583404.799,988.3198975,0.988319897
48.6,5573763.599,988.271056,0.988271056
48.7,5564149.624,988.2221155,0.988222115
48.8,5554562.772,988.173076,0.988173076
48.9,5545002.943,988.1239375,0.988123937
49,5535470.037,988.0747,0.9880747
49.1,5525963.954,988.0253635,0.988025363
49.2,5516484.595,987.975928,0.987975928
49.3,5507031.861,987.9263935,0.987926394
49.4,5497605.655,987.87676,0.98787676
49.5,5488205.879,987.8270275,0.987827028
49.6,5478832.435,987.777196,0.987777196
49.7,5469485.227,987.7272655,0.987727265
49.8,5460164.157,987.677236,0.987677236
49.9,5450869.131,987.6271075,0.987627107
50,5441600.052,987.57688,0.98757688
50.1,5432356.826,987.5265535,0.987526553
50.2,5423139.357,987.476128,0.987476128
50.3,5413947.552,987.4256035,0.987425603
50.4,5404781.316,987.37498,0.98737498
50.5,5395640.556,987.3242575,0.987324257
50.6,5386525.18,987.273436,0.987273436
50.7,5377435.094,987.2225155,0.987222516
50.8,5368370.206,987.171496,0.987171496
50.9,5359330.425,987.1203775,0.987120377
51,5350315.658,987.06916,0.98706916
51.1,5341325.816,987.0178435,0.987017843
51.2,5332360.808,986.966428,0.986966428
51.3,5323420.543,986.9149135,0.986914913
51.4,5314504.932,986.8633,0.9868633
51.5,5305613.885,986.8115875,0.986811587
51.6,5296747.313,986.759776,0.986759776
51.7,5287905.128,986.7078655,0.986707865
51.8,5279087.242,986.655856,0.986655856
51.9,5270293.566,986.6037475,0.986603747
52,5261524.014,986.55154,0.98655154
52.1,5252778.498,986.4992335,0.986499234
52.2,5244056.932,986.446828,0.986446828
52.3,5235359.229,986.3943235,0.986394324
52.4,5226685.304,986.34172,0.98634172
52.5,5218035.071,986.2890175,0.986289018
52.6,5209408.445,986.236216,0.986236216
52.7,5200805.342,986.1833155,0.986183315
52.8,5192225.676,986.130316,0.986130316
52.9,5183669.364,986.0772175,0.986077217
53,5175136.322,986.02402,0.98602402
53.1,5166626.468,985.9707235,0.985970723
53.2,5158139.717,985.917328,0.985917328
53.3,5149675.988,985.8638335,0.985863833
53.4,5141235.198,985.81024,0.98581024
53.5,5132817.266,985.7565475,0.985756547
53.6,5124422.109,985.702756,0.985702756
53.7,5116049.648,985.6488655,0.985648866
53.8,5107699.801,985.594876,0.985594876
53.9,5099372.487,985.5407875,0.985540788
54,5091067.628,985.4866,0.9854866
54.1,5082785.142,985.4323135,0.985432313
54.2,5074524.951,985.377928,0.985377928
54.3,5066286.976,985.3234435,0.985323443
54.4,5058071.138,985.26886,0.98526886
54.5,5049877.358,985.2141775,0.985214178
54.6,5041705.559,985.159396,0.985159396
54.7,5033555.663,985.1045155,0.985104515
54.8,5025427.592,985.049536,0.985049536
54.9,5017321.271,984.9944575,0.984994457
55,5009236.621,984.93928,0.98493928
55.1,5001173.567,984.8840035,0.984884003
55.2,4993132.033,984.828628,0.984828628
55.3,4985111.943,984.7731535,0.984773153
55.4,4977113.221,984.71758,0.98471758
55.5,4969135.793,984.6619075,0.984661907
55.6,4961179.584,984.606136,0.984606136
55.7,4953244.52,984.5502655,0.984550265
55.8,4945330.527,984.494296,0.984494296
55.9,4937437.53,984.4382275,0.984438227
56,4929565.456,984.38206,0.98438206
56.1,4921714.233,984.3257935,0.984325793
56.2,4913883.788,984.269428,0.984269428
56.3,4906074.047,984.2129635,0.984212963
56.4,4898284.939,984.1564,0.9841564
56.5,4890516.393,984.0997375,0.984099737
56.6,4882768.335,984.042976,0.984042976
56.7,4875040.696,983.9861155,0.983986115
56.8,4867333.404,983.929156,0.983929156
56.9,4859646.389,983.8720975,0.983872097
57,4851979.58,983.81494,0.98381494
57.1,4844332.907,983.7576835,0.983757683
57.2,4836706.301,983.700328,0.983700328
57.3,4829099.691,983.6428735,0.983642873
57.4,4821513.009,983.58532,0.98358532
57.5,4813946.187,983.5276675,0.983527667
57.6,4806399.154,983.469916,0.983469916
57.7,4798871.844,983.4120655,0.983412065
57.8,4791364.188,983.354116,0.983354116
57.9,4783876.118,983.2960675,0.983296067
58,4776407.567,983.23792,0.98323792
58.1,4768958.468,983.1796735,0.983179673
58.2,4761528.754,983.121328,0.983121328
58.3,4754118.358,983.0628835,0.983062883
58.4,4746727.215,983.00434,0.98300434
58.5,4739355.257,982.9456975,0.982945697
58.6,4732002.42,982.886956,0.982886956
58.7,4724668.638,982.8281155,0.982828115
58.8,4717353.845,982.769176,0.982769176
58.9,4710057.977,982.7101375,0.982710137
59,4702780.97,982.651,0.982651
59.1,4695522.758,982.5917635,0.982591763
59.2,4688283.277,982.532428,0.982532428
59.3,4681062.465,982.4729935,0.982472993
59.4,4673860.257,982.41346,0.98241346
59.5,4666676.589,982.3538275,0.982353827
59.6,4659511.4,982.294096,0.982294096
59.7,4652364.626,982.2342655,0.982234265
59.8,4645236.204,982.174336,0.982174336
59.9,4638126.073,982.1143075,0.982114308
60,4631034.17,982.05418,0.98205418
60.1,4623960.433,981.9939535,0.981993954
60.2,4616904.802,981.933628,0.981933628
60.3,4609867.215,981.8732035,0.981873204
60.4,4602847.611,981.81268,0.98181268
60.5,4595845.929,981.7520575,0.981752057
60.6,4588862.108,981.691336,0.981691336
60.7,4581896.09,981.6305155,0.981630515
60.8,4574947.813,981.569596,0.981569596
60.9,4568017.217,981.5085775,0.981508577
61,4561104.244,981.44746,0.98144746
61.1,4554208.835,981.3862435,0.981386243
61.2,4547330.929,981.324928,0.981324928
61.3,4540470.469,981.2635135,0.981263514
61.4,4533627.396,981.202,0.981202
61.5,4526801.651,981.1403875,0.981140388
61.6,4519993.177,981.078676,0.981078676
61.7,4513201.916,981.0168655,0.981016865
61.8,4506427.81,980.954956,0.980954956
61.9,4499670.802,980.8929475,0.980892947
62,4492930.836,980.83084,0.98083084
62.1,4486207.853,980.7686335,0.980768633
62.2,4479501.798,980.706328,0.980706328
62.3,4472812.614,980.6439235,0.980643923
62.4,4466140.244,980.58142,0.98058142
62.5,4459484.634,980.5188175,0.980518817
62.6,4452845.728,980.456116,0.980456116
62.7,4446223.469,980.3933155,0.980393316
62.8,4439617.802,980.330416,0.980330416
62.9,4433028.674,980.2674175,0.980267417
63,4426456.028,980.20432,0.98020432
63.1,4419899.811,980.1411235,0.980141123
63.2,4413359.968,980.077828,0.980077828
63.3,4406836.444,980.0144335,0.980014434
63.4,4400329.186,979.95094,0.97995094
63.5,4393838.141,979.8873475,0.979887348
63.6,4387363.255,979.823656,0.979823656
63.7,4380904.474,979.7598655,0.979759865
63.8,4374461.745,979.695976,0.979695976
63.9,4368035.016,979.6319875,0.979631987
64,4361624.235,979.5679,0.9795679
64.1,4355229.348,979.5037135,0.979503713
64.2,4348850.303,979.439428,0.979439428
64.3,4342487.049,979.3750435,0.979375043
64.4,4336139.534,979.31056,0.97931056
64.5,4329807.706,979.2459775,0.979245978
64.6,4323491.514,979.181296,0.979181296
64.7,4317190.907,979.1165155,0.979116515
64.8,4310905.833,979.051636,0.979051636
64.9,4304636.243,978.9866575,0.978986657
65,4298382.085,978.92158,0.97892158
65.1,4292143.309,978.8564035,0.978856403
65.2,4285919.865,978.791128,0.978791128
65.3,4279711.704,978.7257535,0.978725753
65.4,4273518.775,978.66028,0.97866028
65.5,4267341.029,978.5947075,0.978594707
65.6,4261178.417,978.529036,0.978529036
65.7,4255030.889,978.4632655,0.978463266
65.8,4248898.396,978.397396,0.978397396
65.9,4242780.89,978.3314275,0.978331427
66,4236678.323,978.26536,0.97826536
66.1,4230590.646,978.1991935,0.978199194
66.2,4224517.81,978.132928,0.978132928
66.3,4218459.768,978.0665635,0.978066563
66.4,4212416.472,978.0001,0.9780001
66.5,4206387.875,977.9335375,0.977933537
66.6,4200373.928,977.866876,0.977866876
66.7,4194374.585,977.8001155,0.977800115
66.8,4188389.799,977.733256,0.977733256
66.9,4182419.523,977.6662975,0.977666297
67,4176463.711,977.59924,0.97759924
67.1,4170522.315,977.5320835,0.977532083
67.2,4164595.29,977.464828,0.977464828
67.3,4158682.589,977.3974735,0.977397474
67.4,4152784.166,977.33002,0.97733002
67.5,4146899.977,977.2624675,0.977262467
67.6,4141029.974,977.194816,0.977194816
67.7,4135174.114,977.1270655,0.977127066
67.8,4129332.35,977.059216,0.977059216
67.9,4123504.638,976.9912675,0.976991267
68,4117690.932,976.92322,0.97692322
68.1,4111891.189,976.8550735,0.976855073
68.2,4106105.363,976.786828,0.976786828
68.3,4100333.41,976.7184835,0.976718483
68.4,4094575.287,976.65004,0.97665004
68.5,4088830.949,976.5814975,0.976581497
68.6,4083100.352,976.512856,0.976512856
68.7,4077383.453,976.4441155,0.976444116
68.8,4071680.208,976.375276,0.976375276
68.9,4065990.574,976.3063375,0.976306338
69,4060314.508,976.2373,0.9762373
69.1,4054651.966,976.1681635,0.976168163
69.2,4049002.907,976.098928,0.976098928
69.3,4043367.288,976.0295935,0.976029594
69.4,4037745.065,975.96016,0.97596016
69.5,4032136.197,975.8906275,0.975890627
69.6,4026540.642,975.820996,0.975820996
69.7,4020958.357,975.7512655,0.975751265
69.8,4015389.301,975.681436,0.975681436
69.9,4009833.432,975.6115075,0.975611507
70,4004290.709,975.54148,0.97554148
70.1,3998761.091,975.4713535,0.975471353
70.2,3993244.536,975.401128,0.975401128
70.3,3987741.003,975.3308035,0.975330804
70.4,3982250.451,975.26038,0.97526038
70.5,3976772.84,975.1898575,0.975189858
70.6,3971308.129,975.119236,0.975119236
70.7,3965856.278,975.0485155,0.975048515
70.8,3960417.247,974.977696,0.974977696
70.9,3954990.995,974.9067775,0.974906777
71,3949577.483,974.83576,0.97483576
71.1,3944176.671,974.7646435,0.974764643
71.2,3938788.519,974.693428,0.974693428
71.3,3933412.988,974.6221135,0.974622113
71.4,3928050.039,974.5507,0.9745507
71.5,3922699.632,974.4791875,0.974479187
71.6,3917361.728,974.407576,0.974407576
71.7,3912036.289,974.3358655,0.974335866
71.8,3906723.276,974.264056,0.974264056
71.9,3901422.65,974.1921475,0.974192147
72,3896134.373,974.12014,0.97412014
72.1,3890858.407,974.0480335,0.974048033
72.2,3885594.713,973.975828,0.973975828
72.3,3880343.254,973.9035235,0.973903524
72.4,3875103.991,973.83112,0.97383112
72.5,3869876.888,973.7586175,0.973758617
72.6,3864661.906,973.686016,0.973686016
72.7,3859459.009,973.6133155,0.973613315
72.8,3854268.158,973.540516,0.973540516
72.9,3849089.317,973.4676175,0.973467617
73,3843922.449,973.39462,0.97339462
73.1,3838767.517,973.3215235,0.973321523
73.2,3833624.484,973.248328,0.973248328
73.3,3828493.314,973.1750335,0.973175034
73.4,3823373.971,973.10164,0.97310164
73.5,3818266.417,973.0281475,0.973028148
73.6,3813170.618,972.954556,0.972954556
73.7,3808086.537,972.8808655,0.972880865
73.8,3803014.137,972.807076,0.972807076
73.9,3797953.384,972.7331875,0.972733188
74,3792904.242,972.6592,0.9726592
74.1,3787866.675,972.5851135,0.972585113
74.2,3782840.648,972.510928,0.972510928
74.3,3777826.126,972.4366435,0.972436643
74.4,3772823.074,972.36226,0.97236226
74.5,3767831.456,972.2877775,0.972287777
74.6,3762851.239,972.213196,0.972213196
74.7,3757882.386,972.1385155,0.972138515
74.8,3752924.865,972.063736,0.972063736
74.9,3747978.64,971.9888575,0.971988858
75,3743043.677,971.91388,0.97191388
75.1,3738119.942,971.8388035,0.971838804
75.2,3733207.401,971.763628,0.971763628
75.3,3728306.02,971.6883535,0.971688353
75.4,3723415.766,971.61298,0.97161298
75.5,3718536.604,971.5375075,0.971537507
75.6,3713668.501,971.461936,0.971461936
75.7,3708811.424,971.3862655,0.971386265
75.8,3703965.339,971.310496,0.971310496
75.9,3699130.214,971.2346275,0.971234627
76,3694306.015,971.15866,0.97115866
76.1,3689492.709,971.0825935,0.971082593
76.2,3684690.264,971.006428,0.971006428
76.3,3679898.647,970.9301635,0.970930163
76.4,3675117.825,970.8538,0.9708538
76.5,3670347.766,970.7773375,0.970777338
76.6,3665588.438,970.700776,0.970700776
76.7,3660839.808,970.6241155,0.970624115
76.8,3656101.845,970.547356,0.970547356
76.9,3651374.517,970.4704975,0.970470497
77,3646657.791,970.39354,0.97039354
77.1,3641951.636,970.3164835,0.970316483
77.2,3637256.021,970.239328,0.970239328
77.3,3632570.913,970.1620735,0.970162073
77.4,3627896.282,970.08472,0.97008472
77.5,3623232.097,970.0072675,0.970007267
77.6,3618578.325,969.929716,0.969929716
77.7,3613934.937,969.8520655,0.969852065
77.8,3609301.901,969.774316,0.969774316
77.9,3604679.187,969.6964675,0.969696467
78,3600066.764,969.61852,0.96961852
78.1,3595464.601,969.5404735,0.969540473
78.2,3590872.667,969.462328,0.969462328
78.3,3586290.934,969.3840835,0.969384083
78.4,3581719.369,969.30574,0.96930574
78.5,3577157.944,969.2272975,0.969227297
78.6,3572606.628,969.148756,0.969148756
78.7,3568065.392,969.0701155,0.969070115
78.8,3563534.205,968.991376,0.968991376
78.9,3559013.037,968.9125375,0.968912537
79,3554501.86,968.8336,0.9688336
79.1,3550000.644,968.7545635,0.968754563
79.2,3545509.359,968.675428,0.968675428
79.3,3541027.977,968.5961935,0.968596193
79.4,3536556.467,968.51686,0.96851686
79.5,3532094.802,968.4374275,0.968437428
79.6,3527642.952,968.357896,0.968357896
79.7,3523200.888,968.2782655,0.968278266
79.8,3518768.581,968.198536,0.968198536
79.9,3514346.004,968.1187075,0.968118708
80,3509933.127,968.03878,0.96803878
80.1,3505529.922,967.9587535,0.967958753
80.2,3501136.361,967.878628,0.967878628
80.3,3496752.415,967.7984035,0.967798403
80.4,3492378.057,967.71808,0.96771808
80.5,3488013.258,967.6376575,0.967637657
80.6,3483657.99,967.557136,0.967557136
80.7,3479312.227,967.4765155,0.967476515
80.8,3474975.939,967.395796,0.967395796
80.9,3470649.1,967.3149775,0.967314978
81,3466331.682,967.23406,0.96723406
81.1,3462023.657,967.1530435,0.967153044
81.2,3457724.999,967.071928,0.967071928
81.3,3453435.679,966.9907135,0.966990714
81.4,3449155.672,966.9094,0.9669094
81.5,3444884.949,966.8279875,0.966827987
81.6,3440623.484,966.746476,0.966746476
81.7,3436371.251,966.6648655,0.966664865
81.8,3432128.222,966.583156,0.966583156
81.9,3427894.371,966.5013475,0.966501347
82,3423669.671,966.41944,0.96641944
82.1,3419454.096,966.3374335,0.966337433
82.2,3415247.619,966.255328,0.966255328
82.3,3411050.215,966.1731235,0.966173124
82.4,3406861.857,966.09082,0.96609082
82.5,3402682.519,966.0084175,0.966008418
82.6,3398512.175,965.925916,0.965925916
82.7,3394350.799,965.8433155,0.965843315
82.8,3390198.366,965.760616,0.965760616
82.9,3386054.849,965.6778175,0.965677817
83,3381920.223,965.59492,0.96559492
83.1,3377794.464,965.5119235,0.965511923
83.2,3373677.544,965.428828,0.965428828
83.3,3369569.439,965.3456335,0.965345633
83.4,3365470.124,965.26234,0.96526234
83.5,3361379.573,965.1789475,0.965178947
83.6,3357297.762,965.095456,0.965095456
83.7,3353224.665,965.0118655,0.965011865
83.8,3349160.257,964.928176,0.964928176
83.9,3345104.515,964.8443875,0.964844387
84,3341057.412,964.7605,0.9647605
84.1,3337018.925,964.6765135,0.964676513
84.2,3332989.029,964.592428,0.964592428
84.3,3328967.699,964.5082435,0.964508244
84.4,3324954.911,964.42396,0.96442396
84.5,3320950.641,964.3395775,0.964339577
84.6,3316954.865,964.255096,0.964255096
84.7,3312967.558,964.1705155,0.964170515
84.8,3308988.697,964.085836,0.964085836
84.9,3305018.257,964.0010575,0.964001057
85,3301056.215,963.91618,0.96391618
85.1,3297102.546,963.8312035,0.963831204
85.2,3293157.228,963.746128,0.963746128
85.3,3289220.237,963.6609535,0.963660954
85.4,3285291.548,963.57568,0.96357568
85.5,3281371.139,963.4903075,0.963490308
85.6,3277458.987,963.404836,0.963404836
85.7,3273555.067,963.3192655,0.963319265
85.8,3269659.357,963.233596,0.963233596
85.9,3265771.834,963.1478275,0.963147827
86,3261892.475,963.06196,0.96306196
86.1,3258021.256,962.9759935,0.962975994
86.2,3254158.155,962.889928,0.962889928
86.3,3250303.149,962.8037635,0.962803763
86.4,3246456.215,962.7175,0.9627175
86.5,3242617.331,962.6311375,0.962631137
86.6,3238786.475,962.544676,0.962544676
86.7,3234963.622,962.4581155,0.962458115
86.8,3231148.752,962.371456,0.962371456
86.9,3227341.842,962.2846975,0.962284698
87,3223542.869,962.19784,0.96219784
87.1,3219751.812,962.1108835,0.962110884
87.2,3215968.648,962.023828,0.962023828
87.3,3212193.356,961.9366735,0.961936673
87.4,3208425.913,961.84942,0.96184942
87.5,3204666.297,961.7620675,0.961762067
87.6,3200914.487,961.674616,0.961674616
87.7,3197170.462,961.5870655,0.961587066
87.8,3193434.198,961.499416,0.961499416
87.9,3189705.676,961.4116675,0.961411667
88,3185984.872,961.32382,0.96132382
88.1,3182271.767,961.2358735,0.961235873
88.2,3178566.338,961.147828,0.961147828
88.3,3174868.564,961.0596835,0.961059683
88.4,3171178.425,960.97144,0.96097144
88.5,3167495.898,960.8830975,0.960883098
88.6,3163820.963,960.794656,0.960794656
88.7,3160153.6,960.7061155,0.960706116
88.8,3156493.786,960.617476,0.960617476
88.9,3152841.501,960.5287375,0.960528737
89,3149196.725,960.4399,0.9604399
89.1,3145559.436,960.3509635,0.960350963
89.2,3141929.614,960.261928,0.960261928
89.3,3138307.239,960.1727935,0.960172793
89.4,3134692.29,960.08356,0.96008356
89.5,3131084.746,959.9942275,0.959994227
89.6,3127484.588,959.904796,0.959904796
89.7,3123891.795,959.8152655,0.959815265
89.8,3120306.346,959.725636,0.959725636
89.9,3116728.222,959.6359075,0.959635907
90,3113157.402,959.54608,0.95954608
90.1,3109593.867,959.4561535,0.959456153
90.2,3106037.597,959.366128,0.959366128
90.3,3102488.571,959.2760035,0.959276004
90.4,3098946.77,959.18578,0.95918578
90.5,3095412.175,959.0954575,0.959095457
90.6,3091884.765,959.005036,0.959005036
90.7,3088364.52,958.9145155,0.958914516
90.8,3084851.423,958.823896,0.958823896
90.9,3081345.452,958.7331775,0.958733177
91,3077846.588,958.64236,0.95864236
91.1,3074354.813,958.5514435,0.958551443
91.2,3070870.106,958.460428,0.958460428
91.3,3067392.449,958.3693135,0.958369313
91.4,3063921.823,958.2781,0.9582781
91.5,3060458.208,958.1867875,0.958186788
91.6,3057001.586,958.095376,0.958095376
91.7,3053551.937,958.0038655,0.958003865
91.8,3050109.242,957.912256,0.957912256
91.9,3046673.483,957.8205475,0.957820547
92,3043244.642,957.72874,0.95772874
92.1,3039822.698,957.6368335,0.957636834
92.2,3036407.635,957.544828,0.957544828
92.3,3032999.432,957.4527235,0.957452723
92.4,3029598.072,957.36052,0.95736052
92.5,3026203.536,957.2682175,0.957268217
92.6,3022815.806,957.175816,0.957175816
92.7,3019434.863,957.0833155,0.957083315
92.8,3016060.689,956.990716,0.956990716
92.9,3012693.266,956.8980175,0.956898017
93,3009332.576,956.80522,0.95680522
93.1,3005978.601,956.7123235,0.956712323
93.2,3002631.322,956.619328,0.956619328
93.3,2999290.722,956.5262335,0.956526234
93.4,2995956.783,956.43304,0.95643304
93.5,2992629.486,956.3397475,0.956339748
93.6,2989308.815,956.246356,0.956246356
93.7,2985994.752,956.1528655,0.956152865
93.8,2982687.278,956.059276,0.956059276
93.9,2979386.376,955.9655875,0.955965587
94,2976092.029,955.8718,0.9558718
94.1,2972804.219,955.7779135,0.955777913
94.2,2969522.929,955.683928,0.955683928
94.3,2966248.141,955.5898435,0.955589843
94.4,2962979.838,955.49566,0.95549566
94.5,2959718.002,955.4013775,0.955401378
94.6,2956462.617,955.306996,0.955306996
94.7,2953213.666,955.2125155,0.955212516
94.8,2949971.131,955.117936,0.955117936
94.9,2946734.995,955.0232575,0.955023258
95,2943505.241,954.92848,0.95492848
95.1,2940281.853,954.8336035,0.954833603
95.2,2937064.813,954.738628,0.954738628
95.3,2933854.104,954.6435535,0.954643553
95.4,2930649.711,954.54838,0.95454838
95.5,2927451.616,954.4531075,0.954453107
95.6,2924259.802,954.357736,0.954357736
95.7,2921074.253,954.2622655,0.954262265
95.8,2917894.952,954.166696,0.954166696
95.9,2914721.884,954.0710275,0.954071028
96,2911555.031,953.97526,0.95397526
96.1,2908394.377,953.8793935,0.953879394
96.2,2905239.906,953.783428,0.953783428
96.3,2902091.601,953.6873635,0.953687363
96.4,2898949.446,953.5912,0.9535912
96.5,2895813.426,953.4949375,0.953494937
96.6,2892683.524,953.398576,0.953398576
96.7,2889559.723,953.3021155,0.953302115
96.8,2886442.009,953.205556,0.953205556
96.9,2883330.364,953.1088975,0.953108897
97,2880224.774,953.01214,0.95301214
97.1,2877125.221,952.9152835,0.952915283
97.2,2874031.691,952.818328,0.952818328
97.3,2870944.168,952.7212735,0.952721273
97.4,2867862.636,952.62412,0.95262412
97.5,2864787.079,952.5268675,0.952526867
97.6,2861717.482,952.429516,0.952429516
97.7,2858653.829,952.3320655,0.952332065
97.8,2855596.104,952.234516,0.952234516
97.9,2852544.293,952.1368675,0.952136867
98,2849498.38,952.03912,0.95203912
98.1,2846458.349,951.9412735,0.951941273
98.2,2843424.185,951.843328,0.951843328
98.3,2840395.873,951.7452835,0.951745283
98.4,2837373.398,951.64714,0.95164714
98.5,2834356.745,951.5488975,0.951548897
98.6,2831345.898,951.450556,0.951450556
98.7,2828340.842,951.3521155,0.951352115
98.8,2825341.563,951.253576,0.951253576
98.9,2822348.046,951.1549375,0.951154937
99,2819360.274,951.0562,0.9510562
99.1,2816378.235,950.9573635,0.950957363
99.2,2813401.913,950.858428,0.950858428
99.3,2810431.292,950.7593935,0.950759393
99.4,2807466.359,950.66026,0.95066026
99.5,2804507.099,950.5610275,0.950561027
99.6,2801553.497,950.461696,0.950461696
99.7,2798605.538,950.3622655,0.950362265
99.8,2795663.208,950.262736,0.950262736
99.9,2792726.493,950.1631075,0.950163107
100,2789795.378,950.06338,0.95006338
